URL,Text
https://inworld.ai/careers,careers
https://www.rosebud.ai/company,jobs
https://www.csm.com/careers/,careers
https://www.iambic.ai/careers,careers
https://jobs.lever.co/genesistherapeutics/,careers
https://career.quantum-systems.com/,"
career
"
https://shield.ai/careers-overview/,careers
https://www.atypicalai.com/careers,careers
https://koboldmetals.com/careers/,careers
https://www.cradle.bio/team#careers,careers
https://jobs.lever.co/waabi,careers
https://www.vayurobotics.com/company/careers,careers
https://orbitalmaterials.notion.site/orbitalmaterials/Job-Board-4be359f0e4874230ba36dfe3ee9fea38,join us
https://resistant.ai/career/?hsLang=en,careers
https://evolutioniq.com/careers/,careers
https://www.hermeus.com/careers,careers
https://elicit.com/careers,careers
https://www.flawlessai.com/careers/,careers
https://www.twelvelabs.io/careers,careers
https://www.greyparrot.ai/careers,"
                                                    careers
                                                "
https://deepdub.ai/events,"
events

eventssee where we'll be speaking and join us."
https://www.perplexity.ai/hub/careers,careers
https://jobs.lever.co/LightupData,
https://www.groundlight.ai/careers,careers
https://www.objective.dev/careers,careers
https://www.myko.ai/careers,careers
https://www.linkedin.com/jobs?trk=public_profile_guest_nav_menu_jobs,jobs
https://www.adept.ai/about-careers,careers
https://discord.gg/S25yW8TebZ,join the discord community
https://glyphic.jobs.personio.com/,careers
https://elevenlabs.io/blog/inworld-joins-forces-with-elevenlabs-to-bring-dynamic-voices-to-ai-npcs,inworld joins forces with elevenlabs to bring dynamic voices to ai npcs
https://www.gather.ai/careers,careers
https://emma-ai.breezy.hr/,jobs
https://writer.com/company/careers/,careers
https://jobs.lever.co/pryon,careers
https://runwayml.com/careers,careers
https://www.figure.ai/careers,careers
https://discord.com/invite/CcPJJ3nDx7,join our discord
https://www.wraithwatch.com/join-us,careers
https://jobs.ashbyhq.com/suno,careers
https://jobs.lever.co/mechanicalorchard,jobs
https://mistral.ai/company/#careers,careers
https://openai.com/careers/,careers
https://www.anthropic.com/careers,careers
https://sakana.ai/careers/,careers
https://www.reka.ai/careers,join us
https://nomic-ai.notion.site/Careers-Nomic-be1323b7fdef45dc994ed918a2c0ff69,careers
https://www.together.ai/about#careers,careers
https://www.sarvam.ai/#,join sarvam
https://www.databricks.com/company/careers/open-positions,open jobs
https://mindsdb.com/careers,careerssee open roles at mindsdb
https://apply.workable.com/huggingface/,jobs
https://01ai.jobs.feishu.cn/index/,join us
https://chalk.ai/careers,careers
https://glaive.ai/careers,careers
https://discord.gg/CBgdrGnZjy,join our community
https://www.agentic.ai/careers,careers
https://www.modular.com/company/careers,careers
https://huggingface.co/blog/xethub-joins-hf,xethub has joined hugging face ðŸ¤—! click to read the announcement.
https://wandb.ai/site/launch/,    launchpackage and run your ml workflow jobs 
https://tenstorrent.com/careers,careers
https://protectai.com/careers,careers
http://hf.co/join/discord,join the community
https://voltrondata.com/careers,"
                      
                        
                      
                      
                        
                          careers
                        
                        
                          weâ€™re hiring!
                        
                      
                    "
https://rebellions.ai/career/,career
https://lightmatter.com/careers,careers
